<?xml version="1.0" encoding="utf-8"?>
<Window size="260,600" mininfo="200,300" caption="0,0,0,40" sizebox="4,4,4,4" roundcorner="4,4,4,4">
  <Font name="微软雅黑" size="12" bold="false" default="true" />
  <Font name="微软雅黑" size="12" bold="true"/>
  <Default name="VScrollBar" value="button1normalimage=&quot;file='scrollbar.png' source='0,0,16,16'&quot; button1hotimage=&quot;file='scrollbar.png' source='16,0,32,16,16'&quot; button1pushedimage=&quot;file='scrollbar.png' source='32,0,48,16'&quot; button2normalimage=&quot;file='scrollbar.png' source='0,32,16,48'&quot; button2hotimage=&quot;file='scrollbar.png' source='16,32,32,48'&quot; button2pushedimage=&quot;file='scrollbar.png' source='32,32,48,48'&quot; thumbnormalimage=&quot;file='scrollbar.png' source='0,48,16,64' corner='0,2,0,2'&quot; thumbhotimage=&quot;file='scrollbar.png' source='16,48,32,64' corner='0,2,0,2'&quot; thumbpushedimage=&quot;file='scrollbar.png' source='32,48,48,64' corner='0,2,0,2'&quot; bknormalimage=&quot;file='scrollbar.png' source='0,16,16,32'&quot;" />
  <HorizontalLayout name="bg" bkimage="file='bg0.png' corner='600,200,1,1'" hole="true">
    <VerticalLayout bkimage="file='border.png' corner='5,5,5,5'" inset="1,0,1,1" hole="true">
      <HorizontalLayout height="40">
        <VerticalLayout width="100" inset="2,2,0,0">
          <Label text="遥感处理工具集" textcolor="#FFFFFFFF"/>
        </VerticalLayout>
        <VerticalLayout />
        <VerticalLayout width="104">
          <Button name="minbtn" float="true" pos="0,0,28,19" width="28" height="19" maxheight="19" maxwidth="28"  normalimage="file='btn_mini_normal.png'" hotimage="btn_mini_highlight.png" pushedimage="btn_mini_down.png"  />
          <Button name="maxbtn" float="true" pos="28,0,56,19" width="28" height="19" maxheight="19" maxwidth="28"  normalimage="file='btn_max_normal.png'" hotimage="btn_max_highlight.png" pushedimage="btn_max_down.png"  />
          <Button name="restorebtn" visible="false" float="true" pos="28,0,56,19" width="28" height="19" maxheight="19" maxwidth="28"  normalimage="file='btn_restore_normal.png'" hotimage="btn_restore_highlight.png" pushedimage="btn_restore_down.png"  />
          <Button name="closebtn" float="true" pos="56,0,95,19" width="39" height="19" maxheight="19" maxwidth="39"  normalimage="file='btn_close_normal.png'" hotimage="btn_close_highlight.png" pushedimage="btn_close_down.png"  />
        </VerticalLayout>
      </HorizontalLayout>
      <HorizontalLayout height="27" bkimage="file='search_bk.png'">
        <Edit name="search_tip" height="27" textpadding="4,2,4,3"  tooltip="可以输入汉字、拼音或者拼音首字母进行搜索。" text="输入关键字搜索工具..." align="left" />
        <RichEdit  visible="false" name="search_edit" float="true" inset="4,4,4,3" height="27" text="输入关键字搜索工具..." multiline="false" rich="false" />
        <Button name="searchbtn" showhtml="true" height="27" width="24" text="{i search_btn.png}{/i}" />
      </HorizontalLayout>
      <VerticalLayout bkimage="file='glow.png' corner='2,2,2,2'" inset="0,4,0,0">
        <HorizontalLayout height="26" padding="40, 0, 0, 0" inset="4,0,4,0">
          <Option name="friendbtn" selected="true" group="true" text="处理工具" selectedimage="file='tab_btn.png'" width="70" height="26" />
          <Option name="groupbtn" group="true" text="搜索结果" selectedimage="file='tab_btn.png'" width="70" height="26" />
          <Option name="microblogbtn" group="true" text="帮助信息" selectedimage="file='tab_btn.png'" width="70" height="26" />
        </HorizontalLayout>
        <HorizontalLayout inset="0,0,0,0">
          <VerticalLayout name="LeftMainPanel" width="1" inset="0,0,0,0">
          </VerticalLayout>
          <TabLayout name="tabs" bkimage="file='list_bk.png'">
            <HorizontalLayout>
              <FriendList name="friends" header="hidden" itemshowhtml="true" vscrollbar="true"  />
            </HorizontalLayout>
            <HorizontalLayout>
              <GroupList name="groups" header="hidden" itemshowhtml="true" vscrollbar="true"  />
            </HorizontalLayout>
            <HorizontalLayout>
              <MicroBlog name="microblog" header="hidden" itemshowhtml="true" vscrollbar="true"  />
            </HorizontalLayout>
          </TabLayout>
          <HorizontalLayout width="1" inset="0,1,1,0">
          </HorizontalLayout>
        </HorizontalLayout>
      </VerticalLayout>
      <VerticalLayout height="30">
        <HorizontalLayout>
          <HorizontalLayout />
          <HorizontalLayout height="30" width="48" inset="0,0,0,2">
            <Button showhtml="true" height="30" width="24" text="{i Tools.png}{/i}" hotimage="file='btn_hot.png' corner='2,8,2,2'" />
            <Button name="bkskinbtn" showhtml="true" height="30" width="24" text="{i skin.png}{/i}" hotimage="file='btn_hot.png' corner='2,8,2,2'" />
          </HorizontalLayout>
        </HorizontalLayout>
      </VerticalLayout>
    </VerticalLayout>
  </HorizontalLayout>
</Window>
